area_name,salary
Московская область,294199.818
Литва,281150.160
Германия,279219.150
Витебск,256535.384
Финляндия,219588.950
Кипр,205364.440
ОАЭ,181178.724
Польша,167234.695
Тбилиси,152446.595
Бельгия,151749.000
Латвия,140399.108
Испания,133560.750
Снежное,130000.000
Молоково,130000.000
Армения,128508.824
Усть-Нера,128333.333
США,125357.488
Сербия,120824.131
Ильинский (Московская область),120000.000
"Мирный (Московская область, Люберецкий район)",115000.000
"Октябрьский (Московская область, Люберецкий район)",115000.000
Певек,112500.000
Эквадор,111250.000
Ноглики,110000.000
Петропавловка (Республика Бурятия),100000.000
Шимановск,100000.000
Нарткала,100000.000
Мухоршибирь,100000.000
Октябрьский (Пермский край),99000.000
Малайзия,97700.700
Николаевск-на-Амуре,95500.000
Батуми,95149.296
Запрудня (Московская область),93500.000
Турция,92782.364
Нерюнгри,91060.000
Солнцево (Московская область),90500.000
Саянский,90000.000
Куркино (Московская область),90000.000
Ильинское,90000.000
Бодайбо,90000.000
Зея,90000.000
Воротынск,90000.000
Байкальск,90000.000
Китай,88859.900
Ковдор,88000.000
Томмот,87500.000
Тиличики,86666.667
Кедровый (Красноярский край),86000.000
Забайкальск,85000.000
Новый Уренгой,83102.399
Корсаков,82500.000
Таиланд,81925.808
"Речицы (Московская область, Раменский район)",81666.667
Тында,81250.000
Сабетта (Ямало-Ненецкий АО),80937.500
Понежукай,80000.000
Хатукай,80000.000
Лорино (Чукотский АО),80000.000
Орлово,80000.000
Крым (Ростовская область),80000.000
Тлюстенхабль,80000.000
Ямбург (Ямало-Ненецкий АО),80000.000
Энем,80000.000
Усть-Луга,79166.667
Софьино (Раменский район),78750.000
Ильинское (Раменский район),78750.000
Коканд,78195.175
Чехия,76860.695
Баку,76686.959
Усть-Большерецк,76666.667
Эстония,76496.700
Дудинка (Красноярский край),76300.000
Ленск,75800.000
Путилково,75666.667
Анадырь,75666.667
Магадан,75355.614
Кузьмоловский,75000.000
Лайково,75000.000
Октябрьский (Камчатский край),75000.000
Большие Вязёмы,75000.000
Калининец,75000.000
Горки-2,75000.000
ВНИИССОК,75000.000
Чирчик,74932.327
Коротчаево,74800.000
Мурино,74583.333
Нарьян-Мар,74000.000
Коммунарка,74000.000
Северо-Енисейский (Красноярский край),73500.000
Норильск,73247.368
"Горки-10 (Московская область, Одинцовский район)",73125.000
Ровно,72669.500
Зеленоград,72520.511
Гурьевск (Кемеровская область),72500.000
Олекминск,72488.000
Мирный (Республика Саха (Якутия)),72415.385
Первомайское (Ленинградская область),72333.333
Нидерланды,71615.371
Дальнереченск,71000.000
Лучегорск,71000.000
Киевский,70833.333
Надым,70766.667
Московский,70532.500
Малиновский,70000.000
Зеленоборск,70000.000
Лямина,70000.000
Каркатеевы,70000.000
Еткуль,70000.000
Локосово,70000.000
Перегребное,70000.000
Саянск,70000.000
Октябрьское (Ханты-Мансийский АО),70000.000
Луговой,70000.000
Октябрьский (Иркутская область),70000.000
Лыхма,70000.000
Барвиха,70000.000
Малый Атлым,70000.000
Белый Яр (Ханты-Мансийский АО),70000.000
Ларьяк,70000.000
Низино (Ленинградская область),70000.000
Велиж,70000.000
Верхнеказымский,70000.000
Сретенск,70000.000
Барсово,70000.000
Карымкары,70000.000
Бея,70000.000
Излучинск,70000.000
Агириш,70000.000
Казым,70000.000
Андра,70000.000
Алтай (Ханты-Мансийский АО - Югра),70000.000
Алябьевский,70000.000
Игрим,70000.000
Берёзово,70000.000
Горбунки,70000.000
Горноправдинск,70000.000
Мортка,70000.000
Междуреченский (Ханты-Мансийский АО),70000.000
Коммунистический,70000.000
Коммунар,70000.000
Кондинское,70000.000
Болчары,70000.000
Нижнесортымский,70000.000
Краснокаменск,70000.000
Красноленинский,70000.000
Куминский,70000.000
Нялинское,70000.000
Новоаганск,70000.000
Куть-Ях,70000.000
Высокий Мыс,70000.000
Высокий,70000.000
Пионерский (Ханты-Мансийский АО),70000.000
Кола,69900.000
Софрино,69815.625
Долгопрудный,69413.194
Раменское,69016.129
Томилино,69000.000
Тазовский,69000.000
Свободный,68931.034
Грузия,68929.100
Новый (Приморский край),68666.667
Рощино (Ленинградская область),68500.000
Химки,68403.288
Малаховка (Московская область),68181.818
Островцы (Московская область),68125.000
Свердловская область,67839.880
Кубинка,67511.290
Балашиха,67199.390
Нахабино,67121.212
Королев,67118.959
Отрадное,67000.000
"Михнево (Московская область, Ступинский район)",66666.667
Тахтамукай,66666.667
Москва,66655.394
Дубна,66264.935
Электроугли,66261.538
Черноголовка,66107.692
Вольно-Надеждинское,66062.500
Большой Камень,66000.000
Сертолово,65950.000
Лесной Городок,65916.667
Колпино,65735.156
Красногорск,65709.140
Мытищи,65632.629
Одинцово,65536.053
Южно-Сахалинск,65470.817
Кингисепп,65398.507
Подольск (Московская область),65124.684
Вилючинск,65000.000
Смолино,65000.000
Новая Игирма,65000.000
Рудногорск,65000.000
Алдан,65000.000
Деденево,65000.000
Петропавловск-Камчатский,64891.216
Якутск,64697.509
Жуковка (Московская область),64444.444
Люберцы,64170.367
Горки Ленинские,64166.667
Лобня,64001.059
Салехард,63996.774
Реутов,63831.579
Звенигород,63392.674
Верховажье,63000.000
посёлок Володарского (Московская область),63000.000
Апатиты,62961.184
Бахрейн,62956.125
Ломоносов,62904.762
Жуковский,62695.128
ДСК Мичуринец,62500.000
Софьино (Наро-Фоминский район),62500.000
Антропово,62500.000
Новая Адыгея,62500.000
Лыткарино,62245.455
Домодедово,61932.538
Пойковский,61666.667
Щелково,61571.789
Видное,61550.219
Истра,61467.322
Павловск (Ленинградская область),61339.286
Северобайкальск,61285.714
Муравленко,61116.667
Дюртюли,60975.000
Артем,60769.608
Ванино,60625.000
Владивосток,60531.181
Лянтор,60466.667
Ивантеевка,60433.809
Дмитров,60411.957
Лосино-Петровский,60385.714
Красное Село,60272.727
Дзержинский,60186.486
Удомля,60070.000
Электрогорск,60050.000
Фрязино,60024.324
Медвежьи Озёра,60000.000
Аннино (Ленинградская область),60000.000
Романовка,60000.000
Сорск,60000.000
Панковка,60000.000
Горнозаводск (Сахалинская область),60000.000
Григорово,60000.000
Большие Колпаны,60000.000
Троицкое (Сахалинская область),60000.000
Разбегаево (Ленинградская область),60000.000
Часцы,60000.000
Стрельна,60000.000
Икша,60000.000
Новый Свет,60000.000
Кипень,60000.000
Елизово,60000.000
Новоивановское,60000.000
Сосновый Бор (Ленинградская область),59833.333
Павловская Слобода,59750.000
Солнечногорск,59250.342
Железнодорожный,59209.838
Жаворонки,59166.667
Пушкино (Московская область),59030.903
Старая Купавна,58704.167
Электросталь,58522.600
Красное-на-Волге,58333.333
Холмск,58333.333
Фёдоровское (Ленинградская область),58333.333
Невельск,58333.333
Чалтырь,58333.333
Красная Поляна,58222.222
Щербинка,58203.922
Иннополис,58183.673
Арсеньев,58000.000
Крекшино,57708.333
Фергана,57701.625
Сальск,57633.333
Шексна,57625.000
Уренгой,57500.000
Озерск (Калининградская область),57500.000
Шира,57500.000
Наро-Фоминск,57480.856
Голицыно,57403.545
Маслова Пристань,57350.000
Тельмана,57250.000
Павловский Посад,57246.618
Чехов,57185.528
Снегири,57142.857
Херсон,56893.812
Троицк (Московская область),56793.160
Выборг,56710.484
Березник,56500.000
Климовск (Московская область),56084.375
Тайцы,55833.333
Ульяновка (Ленинградская область),55833.333
Пушкин,55701.852
Краснознаменск (Московская область),55681.633
Фряново,55666.667
Усть-Илимск,55625.000
Заринск,55625.000
Ногинск,55401.691
Тучково,55372.714
Клин,55269.737
Тихвин,55200.000
Селятино,55108.696
Воскресенск,55080.556
Левашово,55000.000
Вырица,55000.000
Анастасиевская,55000.000
Скадовск,55000.000
Лесозаводск,55000.000
Иловля,55000.000
Балаклава,55000.000
посёлок имени Морозова,55000.000
Монино,54983.333
Быково (Московская область),54930.769
Санкт-Петербург,54872.692
Сергиев Посад,54804.023
Сланцы,54375.000
Коломна,54289.818
Тамань,54220.000
Кандалакша,54125.000
Сегежа,54000.000
Развилка (Московская область),54000.000
Кулой,54000.000
Звёздный Городок,54000.000
Свердловский,54000.000
Приозерск,53875.000
Отрадное (Ленинградская область),53750.000
Рогачево,53750.000
Находка,53517.316
Сиверский,53333.333
Бронницы,53322.500
Котельники,53235.704
Апрелевка,52923.529
Ейск,52853.333
Донецк,52846.154
Яхрома,52808.333
Красноармейск (Московская область),52808.333
Серпухов,52747.778
Шушары,52720.000
Хабаровск,52716.413
Амурск,52700.000
Ступино,52693.373
Балахта (Красноярский край),52666.667
Можайск,52650.000
Луга,52500.000
Волжский (Астраханская область),52500.000
Курьи,52500.000
Никольское,52500.000
Губкинский,52362.500
Ленинск-Кузнецкий,52243.902
Буланаш,52142.857
Кондопога,52133.333
Дедовск,52116.000
Ворсино (Калужская область),52100.000
Месягутово,52000.000
Боровичи,51940.000
Кривское (Калужская область),51750.000
Когалым,51746.056
Краматорск,51654.441
Вельск,51560.000
Кондрово,51483.333
Руза,51407.143
Ханты-Мансийск,51338.994
Любань (Ленинградская область),51300.000
Балтийск,51285.714
Кольцово (Новосибирская область),51250.000
Полысаево,51204.000
Североморск,51115.385
Людиново,51112.500
Вязьма,51046.429
Шишкин Лес,51000.000
Уссурийск,50953.312
Родники (Московская область),50625.000
Ильский,50583.333
Ясногорск,50580.000
Байкит,50500.000
Усть-Кут,50437.500
Новофёдоровка,50000.000
Новоселье (Ленинградская область),50000.000
Симоненко,50000.000
Новая Чара,50000.000
Коктебель,50000.000
Морское (Республика Крым),50000.000
Никель (Мурманская область),50000.000
Мордово,50000.000
Волот (Новгородская область),50000.000
Вольное (Астраханская область),50000.000
Власиха,50000.000
Жаворонки (Крым),50000.000
Жилетово,50000.000
Зуя,50000.000
Абаза,50000.000
Авдон,50000.000
Усть-Омчуг,50000.000
Ферсманово,50000.000
Старый Крым,50000.000
Иволгинск,50000.000
Аскиз,50000.000
Форос,50000.000
Фокино (Приморский край),50000.000
Советский (Республика Крым),50000.000
Озерки (Всеволожский район),50000.000
Саратовская,50000.000
Лиинахамари,50000.000
Кировское (Республика Крым),50000.000
Партенит,50000.000
Панкрушиха,50000.000
Первомайское (Республика Крым),50000.000
Переделкино,50000.000
Печенга,50000.000
Красноярка,50000.000
Кубанское,50000.000
Каменское (Республика Крым),50000.000
Кореиз,50000.000
Кавалерово,50000.000
Кабардинка,50000.000
Хандыга,50000.000
Хабары,50000.000
Хороль,50000.000
Черниговка (Приморский край),50000.000
Инкерман,50000.000
Чугуевка,50000.000
Шимск,50000.000
Киренск,50000.000
Мирное (Республика Крым),50000.000
"Алексеевка (Уфимский район, Башкортостан)",50000.000
Пикалево,50000.000
"Покровка (Октябрьский район, Приморский край)",50000.000
Полотняный Завод,50000.000
Прибрежный,50000.000
Приморский (Республика Крым),50000.000
Радченко,50000.000
Партизанск,50000.000
Раздольное,50000.000
Раменки (Московская область),50000.000
Озерки (Алтайский край),50000.000
Ленино,50000.000
Леньки,50000.000
Нижнегорский,50000.000
Николаевка,50000.000
Никита (Республика Крым),50000.000
Ореанда,50000.000
Пятовский,50000.000
Мурманск,49997.853
Нефтеюганск,49779.336
Куровское,49723.077
Зеленогорск (Красноярский край),49714.286
Мирный (Архангельская область),49666.667
Суворов,49633.333
Сургут,49489.896
Краснозаводск,49450.000
Сочи,49443.320
Ивангород,49375.000
Ноябрьск,49324.436
Белоярский,49300.000
Екатеринбург,49295.509
Армянск,49164.333
Ливия,49161.000
Новосибирск,49144.016
Васюринская,49142.857
Луховицы,49133.333
Железногорск-Илимский,49062.500
Чусовой,49000.000
Усинск,48994.737
Старица,48860.000
Сковородино,48850.000
Кировск (Ленинградская область),48817.857
Феодосия,48807.692
Краснощёково,48750.000
Оленегорск,48540.625
Ревда (Свердловская область),48500.000
Малые Вязёмы,48400.000
Анжеро-Судженск,48349.000
Чита,48340.218
Комсомольск-на-Амуре,48325.370
Орехово-Зуево,48304.196
Обнинск,48270.142
Советск (Калининградская область),48200.000
Петергоф,48076.923
Зеленогорск (Ленинградская обл),48070.833
Шлиссельбург,48000.000
"Демихово (Московская область, Орехово-Зуевский район)",48000.000
Алексеевка,47977.647
Мончегорск,47885.417
Конаково,47866.667
Сельцо,47850.000
Киселевск,47761.786
Калининград,47741.098
Центральный округ,47656.591
Геническ,47500.000
Дальнегорск,47500.000
свх Масловский,47500.000
Грэсовский,47500.000
Десногорск,47477.625
Кокошкино,47377.778
Шатура,47355.556
Астана,47268.461
Егорьевск,47204.412
Алексин,47180.000
Богучар,47100.000
Мариуполь,47086.824
Волоколамск,47042.857
Ряжск,47000.000
Майма,47000.000
Нижние Вязовые,47000.000
Обухово,47000.000
Советский (Ханты-Мансийский АО),46900.000
Кемь,46750.000
Беломорск,46750.000
Комсомольский (Республика Мордовия),46750.000
Костомукша,46750.000
Атяшево,46750.000
Сестрорецк,46722.222
Лодейное Поле,46666.667
Черноморское,46666.667
Харабали,46650.000
Подпорожье,46585.000
Светлый,46562.500
Иркутск,46489.055
Гурзуф,46480.000
Львов,46397.691
Белово,46334.559
Радужный (Ханты-Мансийский АО - Югра),46300.000
Тура (Красноярский край),46285.000
Новозавидовский,46250.000
Глебовский,46250.000
Смоленская,46250.000
Лучинское,46250.000
Всеволожск,46219.298
Балабаново,46214.235
Могоча,46168.500
Нижневартовск,46007.312
Серышево,46000.000
Сокольники,46000.000
Протвино,45920.000
Озерск (Челябинская область),45908.333
Киржач,45847.059
пгт имени Свердлова,45833.333
Ревда (Мурманская область),45825.000
Благовещенск (Амурская область),45793.435
Ликино-Дулево,45761.538
Воркута,45711.111
Гатчина,45698.276
Янино-1,45625.000
Братск,45546.757
Плеханово,45500.000
Аргаяш,45500.000
Медвенка,45500.000
Лангепас,45474.583
Бологое,45466.667
Ухта,45406.977
Северодвинск,45201.656
Редкино (Тверская область),45142.857
Кемерово,45100.073
Шелехов,45034.483
Прохладный (Свердловская область),45000.000
Добринка,45000.000
Оха,45000.000
Красноперекопск,45000.000
Зайково (Свердловская область),45000.000
Приобье,45000.000
Хлевное,45000.000
Нижняя Тавда,45000.000
Афипский,45000.000
Петровск-Забайкальский,45000.000
Кяхта,45000.000
Тайшет,45000.000
поселок Карла Либкнехта,45000.000
Вагай,45000.000
Фокино (Брянская область),45000.000
Усть-Ордынский,45000.000
Усть-Уда,45000.000
Князе-Волконское,45000.000
Медведовская,45000.000
Посёлок имени Карла Либкнехта,45000.000
Железнодорожный (Иркутская область),45000.000
Тулун,45000.000
Поварово,45000.000
Правдинск (Калининградская область),45000.000
Кириши,44921.875
Первоуральск,44819.512
Запорожье,44756.591
Красноярск,44726.503
Верея,44725.000
Томск,44601.203
Павловск (Алтайский край),44600.000
Адлер,44590.784
Архангельск,44583.489
Стрежевой,44540.000
Товарково (Калужская область),44500.000
Плесецк,44500.000
Шарыпово,44490.250
Темрюк,44480.488
Заволжск,44450.000
Лабытнанги,44450.000
Калуга,44397.404
Тюмень,44375.490
Ждановский,44350.000
Белогорск,44314.286
Менделеевск,44242.857
Чигири (Амурская область),44200.000
Одесса,44143.047
Макинск,44081.700
Чамзинка,44000.000
"Давыдово (Московская область, Орехово-Зуевский район)",44000.000
Карабаш (Челябинская область),44000.000
Александров,43990.278
Краснодар,43963.894
Керчь,43873.619
Малоярославец,43853.833
Житикара,43850.013
Кеген,43790.400
Раевский (Альшеевский район),43750.000
Гагарин,43750.000
Шкотово,43750.000
Симферополь,43631.844
Асбест,43585.714
Днепр (Днепропетровск),43571.636
Волосово,43500.000
Камень-на-Оби,43500.000
Ростов (Ярославская область),43415.385
Бабынино (Калужская область),43333.333
Некрасовский (Московская область),43333.333
Туапсе,43324.526
Севастополь,43259.455
Саяногорск,43210.000
Октябрьское (Республика Крым),43200.000
Осиново,43000.000
Большой Исток,43000.000
Айхал,43000.000
Трудовое (Приморский край),43000.000
Светогорск,43000.000
Хотьково,42992.308
Саки,42907.222
Горно-Алтайск,42853.846
Новокузнецк,42843.381
Лысьва,42833.333
Курчатов,42803.846
Шумиха,42800.000
Светлогорск (Калининградская область),42777.778
Березовский (Свердловская область),42751.685
Челябинск,42744.929
Кашира,42725.000
Аксай (Ростовская область),42679.710
Узловая,42669.864
Алматы,42559.567
Черногорск,42543.636
Великий Новгород,42526.991
Канск,42522.667
Кимры,42513.913
Агроном (Краснодарский край),42500.000
"Лесной (Московская область, Пушкинский район)",42500.000
Зеленоградск,42500.000
Андреевский (Тюменская область),42500.000
Разметелево,42500.000
Полевской,42425.000
Джанкой,42400.588
Березовский (Кемеровская область),42253.750
Косулино (Свердловская область),42250.000
Жердевка,42225.000
Воткинск,42081.818
Прокопьевск,42058.432
Ново-Переделкино,42000.000
Черняховск,42000.000
Новомосковск (Тульская область),41991.692
Сосновый Бор,41952.152
Ковров,41924.691
Каспийск,41923.077
Копейск,41900.000
Снежинск,41877.778
Тарко-Сале,41822.222
Бердск,41762.687
Прохоровка,41740.000
Лиски,41709.375
Новосёлово,41666.667
Волово (Тульская область),41666.667
Октябрьский (Архангельская область),41666.667
Анапа,41665.931
Карши,41657.040
Нижнекамск,41656.104
Тверь,41568.163
Рязань,41505.885
Советская (Ставропольский край),41500.000
Правокумское,41500.000
Эдиссия,41500.000
Курская (Ставропольский край),41500.000
Левокумское,41500.000
Степное (Ставропольский край),41500.000
Соломенское,41500.000
Петрозаводск,41313.881
Богданович,41300.000
Пионерский,41250.000
Котлас,41250.000
Обь,41243.421
Галич (Костромская область),41150.000
Ялта,41131.318
Волжск,41091.226
Красногвардейское,41000.000
Лебедянь,40994.000
Белев,40975.000
Дегтярск,40966.667
Кунгур,40944.444
Жуков,40925.000
Советская Гавань,40923.077
Хасавюрт,40833.333
Сысерть,40780.000
Спасск-Дальний,40777.778
Сибай,40757.143
Новороссийск,40740.443
Ачинск,40676.829
Федяково (Нижегородская область),40610.000
Нижний Новгород,40608.886
Шилово,40583.333
Железногорск (Красноярский край),40568.182
Абакан,40566.029
Новоалександровск,40557.143
Гусь-Хрустальный,40540.909
Верхняя Пышма,40506.757
Елабуга,40429.107
Торжок,40417.222
Зарайск,40381.818
Славянск-на-Кубани,40337.500
Владимир,40318.898
Яблоновский (Республика Адыгея),40308.824
Джубга,40250.000
Винница,40207.485
Ангарск,40145.048
Щекино,40096.000
Волжский (Волгоградская область),40076.531
Ярославль,40023.636
Семилуки,40015.000
Парголово,40000.000
Инской,40000.000
Исеть,40000.000
Индустриальный (Краснодарский край),40000.000
Виноградный (муниципальное образование город-курорт Анапа),40000.000
Белый Яр (Республика Хакасия),40000.000
Семрино,40000.000
Теплое,40000.000
Березовка (Красноярский край),40000.000
Мга,40000.000
Тюменская область,40000.000
"Сельцо (посёлок, Волосовский район)",40000.000
Ленино (Липецкая область),40000.000
Камень-Рыболов,40000.000
Толмачёво (Ленинградская область),40000.000
Полетаево (Челябинская область),40000.000
Верхнерусское,40000.000
Полярный,40000.000
Форносово,40000.000
Аргамаково (Рязанская область),40000.000
Баковка,40000.000
Балакирево,40000.000
Лебяжье,40000.000
Правдинский,40000.000
Токсово,40000.000
Смоленщина,40000.000
Славянка,40000.000
Инжавино,40000.000
Малино,40000.000
Малое Карлино,40000.000
Пудомяги,40000.000
Репино,40000.000
Репьевка,40000.000
Ям-Ижора,40000.000
Тарасовский,40000.000
Кременкуль,40000.000
Гвардейское (Республика Крым),40000.000
Снежногорск,40000.000
Кардымово,40000.000
Приладожский,40000.000
Надвоицы,40000.000
Варениковская,40000.000
Москаленки,40000.000
Печоры,40000.000
Ставрово,40000.000
Старотитаровская,40000.000
Лесной (Рязанская область),40000.000
Локомотивный (Челябинская область),40000.000
Сафоново,40000.000
Кудрово,40000.000
Барыбино,40000.000
Палана,40000.000
Енисейск,40000.000
Роза (Челябинская область),40000.000
Виноградный (Темрюкский район),40000.000
Гаджиево,40000.000
Шерегеш,40000.000
Синявино,40000.000
Сириус,40000.000
Боровск,39957.143
Северск (Томская область),39855.556
Кыштым,39840.000
Гусев,39790.625
Самара,39783.819
Пермь,39780.507
Венев,39725.000
Ермолино (Калужская область),39725.000
Коркино,39715.686
Усолье-Сибирское,39640.000
Цивильск,39633.333
Ржев,39616.000
Кулебаки,39614.286
Мамадыш,39590.000
Сырдарья,39559.450
Бишкек,39551.243
Улан-Удэ,39545.399
Геленджик,39512.308
Миасское,39500.000
Онохой,39500.000
Печора,39500.000
Тацинская,39466.667
Мещовск,39450.000
Спас-Деменск,39450.000
Юхнов,39450.000
Приволжск,39450.000
Ядрин,39450.000
Жиздра,39450.000
Кременки,39450.000
Сосенский,39450.000
Медынь,39450.000
Белоусово,39450.000
Высоковск,39450.000
Мосальск,39450.000
Таруса,39450.000
Тула,39397.635
Толмачево,39368.421
Сасово,39333.333
Кронштадт,39291.667
Крымск,39283.333
Серебряные Пруды,39250.000
Добрянка,39250.000
Тимашевск,39242.105
Ефремов,39240.000
Артемовский (Свердловская область),39166.667
Строитель (Белгородская область),39126.087
Киров (Калужская область),39100.000
Гороховец,39100.000
Донской,39087.500
Междуреченск,39076.923
Семикаракорск,39066.667
Южноуральск,39029.167
Новый Свет (Республика Крым),39000.000
Токаревка,39000.000
Красные Ткачи,39000.000
Вышний Волочек,38890.000
Барнаул,38817.049
Славгород (Алтайский край),38800.000
Лесосибирск,38800.000
Псков,38782.842
Краснотурьинск,38775.000
Шаховская,38752.400
Рыбинск,38725.490
Московская область - Запад,38674.349
Кстово,38662.812
Днепродзержинск,38657.105
Арзамас,38638.333
Волхов,38600.000
Шебекино,38591.810
Тосно,38568.182
Белая Калитва,38522.222
Ташкент,38508.750
Кострома,38505.007
Киев,38500.048
Семенов,38425.000
Тейково,38414.286
Судак,38392.857
Заречный (Свердловская область),38390.000
Кременчуг,38364.300
Искитим,38358.333
Алабино,38333.333
Ленинградская станица,38325.000
Воронеж,38313.312
Учалы,38240.000
Климово (Брянская область),38166.667
Бутурлиновка,38150.000
Сухой Лог,38140.000
Среднеуральск,38128.571
Ростов-на-Дону,38116.623
Череповец,38090.296
Старый Оскол,38064.917
Калужская область,38000.000
Кудряшовский,38000.000
Варна (Челябинская область),38000.000
Фершампенуаз (Челябинская область),38000.000
Чесма,38000.000
Балашов,37966.667
Брюховецкая станица,37966.667
Вологда,37927.407
Нягань,37914.706
Выселки,37875.000
Сортавала,37868.667
Дербент,37857.143
Кимовск,37850.000
Полазна,37833.333
Ишим,37776.714
Пенза,37760.675
Волгореченск,37733.333
Ардатов,37725.000
Саратов,37707.395
Аша,37700.000
Миньяр,37700.000
Белгород,37684.517
Омск,37681.958
Павлово,37675.000
Мегион,37656.500
Йошкар-Ола,37639.120
Набережные Челны,37625.769
Евсино,37612.500
Великие Луки,37604.167
Слоним,37586.150
Адыгейск,37550.000
Белогорск (Крым),37500.000
Сясьстрой,37500.000
Ханты-Мансийский АО - Югра,37500.000
Сычевка,37500.000
Минусинск,37500.000
Белоозёрский (Московская область),37500.000
Симеиз,37480.000
Зеленодольск (Республика Татарстан),37432.282
Кирово-Чепецк,37328.571
Соликамск,37295.000
Североуральск,37225.000
Юбилейный (Московская область),37225.000
Казань,37216.262
Уфа,37182.827
Заинск,37175.000
Зеленокумск,37150.000
Ивня,37142.857
Красково,37125.000
Грозный,37117.647
Троицк (Челябинская область),37110.714
Гаспра,37022.000
Мурмаши,37000.000
Ульяновск,36967.143
Острогожск,36966.667
Советск (Тульская область),36950.000
Данков,36944.000
Комаричи,36875.000
Волгодонск,36841.026
Карталы,36828.571
Пущино,36780.000
Ярцево,36766.667
Ленинский (Тульская область),36750.000
Новочебоксарск,36728.000
Краснокамск,36692.308
Дорохово (Московская область),36666.667
Карачев,36640.000
Атырау,36598.333
Березники,36576.641
Иноземцево,36562.500
Энгельс,36537.321
Билимбай,36500.000
Каскелен,36490.903
Красногвардейское (Ставропольский край),36428.571
Батайск,36386.033
Курган,36376.773
Невинномысск,36340.698
Камышлов,36300.000
Рошаль,36300.000
Октябрьский (Московская область),36250.000
Кировск (Мурманская область),36250.000
Маркова,36250.000
Губаха,36225.000
Киров (Кировская область),36176.961
Сосногорск,36166.667
Кузнецк,36160.000
Урень,36150.000
Калтан,36111.111
Черепаново,36100.000
Алушта,36053.500
Таксимо,36000.000
Ковылкино,35975.000
Усть-Лабинск,35968.036
Волгоград,35898.621
Гвардейск,35833.333
Грязи,35780.000
Ожерелье,35780.000
Нур-Султан,35762.925
Сосновоборск,35758.333
Бокситогорск,35750.000
Александрия (Ставропольский край),35750.000
Тамбов,35735.030
Московская область - Север,35724.968
Шахты,35713.855
Таганрог,35683.455
Тобольск,35677.854
Магнитогорск,35655.373
Сыктывкар,35654.430
Миасс,35642.593
Юрга,35525.000
Ленинское (Новосибирская область),35500.000
Новоалтайск,35500.000
Смоленск,35486.454
Арамиль,35408.333
Липецк,35402.325
Новошахтинск,35399.756
Самарканд,35392.699
Кисловодск,35317.188
Осинники,35302.273
Озеры,35280.000
Харьков,35222.442
Железногорск (Курская область),35217.500
Суздаль,35188.889
Брянск,35167.268
Рославль,35100.000
Кольчугино,35100.000
Новая Усмань,35041.667
Чебоксары,35038.298
Красногорский (Челябинская область),35030.769
Ижевск,35028.394
Нефтекамск,35012.329
Бетьки,35000.000
Удельная (Московская область),35000.000
Камские Поляны,35000.000
Актюбинский,35000.000
Оболенск,35000.000
Джалиль,35000.000
Палкино (Псковская область),35000.000
Большая Атня,35000.000
Большие Кайбицы,35000.000
Большие Тарханы,35000.000
Новое Девяткино,35000.000
Муслюмово,35000.000
Богатые Сабы,35000.000
Горный,35000.000
Полтавская,35000.000
Усады,35000.000
Кабанск,35000.000
Ильинский (Пермский край),35000.000
Тюлячи,35000.000
Пурпе,35000.000
"Воскресенское (Тульская область, Дубенский район)",35000.000
Карабаш (Республика Татарстан),35000.000
Карамышево (Псковская область),35000.000
Базарные Матаки,35000.000
Уруссу,35000.000
Старонижестеблиевская,35000.000
Грицовский,35000.000
Карпогоры,35000.000
Пестрецы,35000.000
Кунашак,35000.000
Куйбышевский Затон,35000.000
Красный Луч (Псковская область),35000.000
Сарманово,35000.000
Александровск (Пермский край),35000.000
Яковлево,35000.000
Сосновый Бор (Псковская область),35000.000
Октябрьский (Белгородская область),35000.000
Апастово,35000.000
Чувашское Дрожжаное,35000.000
Алупка,34975.000
Минеральные Воды,34958.163
Валуйки,34950.000
Гай,34906.500
Лабинск,34883.963
Гурьевск (Калининградская область),34875.000
Орел,34845.793
Элиста,34840.000
Альметьевск,34832.230
Курск,34832.099
Нефтекумск,34800.000
Гуково,34793.750
Заречный (Пензенская область),34775.000
Северская станица,34750.000
Калач,34738.889
Кинель,34731.353
Белорецк,34721.053
Губкин,34714.870
Московская область - Восток,34684.300
Красносельский (Краснодарский край),34642.857
Лысково,34618.750
Мценск,34600.000
Маркс,34580.000
Динская станица,34509.714
Сольцы,34450.000
Пласт,34450.000
Знаменск,34450.000
Холм,34450.000
Урай,34450.000
Кореновск,34395.250
Княгинино,34380.000
Рубцовск,34366.667
Новотитаровская,34290.000
Севск,34280.000
Хилок,34250.000
Алатырь,34180.000
Городец,34158.333
Тихорецк,34115.438
Иваново (Ивановская область),34088.130
Щёлкино,34000.000
Витязево,34000.000
Бийск,33962.411
Переславль-Залесский,33930.769
Борисоглебск,33928.571
Болгар,33925.000
Городище,33888.889
Ош,33847.725
Черкесск,33845.745
Новокуйбышевск,33757.143
Старовеличковская,33750.000
Суземка,33750.000
Булгаково,33750.000
Абинск,33742.857
Отрадный (Самарская область),33679.125
Железноводск,33649.476
Димитровград,33629.545
Шуя,33622.593
Оренбург,33588.705
Армавир,33566.667
Зерноград,33540.000
Россошь,33538.095
Криводановка,33500.000
Кущевская станица,33500.000
Богородск,33494.643
Георгиевск,33494.118
Новозыбков,33475.000
Верхняя Салда,33475.000
Таштагол,33416.667
Донецк (Ростовская область),33414.286
Россия,33408.347
Михайловск (Ставропольский край),33400.000
Каменск-Уральский,33360.439
Радужный (Владимирская область),33355.556
Новошешминск,33333.333
Увельский,33333.333
Екатеринославка (Амурская область),33333.333
Ровеньки (Белгородская область),33333.333
Усть-Абакан,33333.333
Покров,33309.091
Ставрополь,33295.253
Ужур,33262.500
Глазов,33237.500
Куйбышев,33200.000
Рузаевка,33180.000
Морозовск,33175.000
Белокуриха,33166.667
Нижний Тагил,33135.165
Верхне-Приволжский округ,33125.000
Давлеканово,33112.500
Белореченск,33102.789
Кодинск,33050.000
Линево (Новосибирская область),33028.571
Тогучин,33000.000
Мыски,33000.000
Эркен-Шахар,33000.000
Адыге-Хабль,33000.000
Павловск (Воронежская область),32990.000
Бор,32982.759
Карабаново,32966.667
Бавлы,32966.667
Торопец,32966.667
Новочеркасск,32961.864
Лермонтов,32950.000
Кропоткин,32884.300
Лакинск,32850.000
Московская область - Юг,32722.378
Собинка,32684.615
Пятигорск,32677.043
Тольятти,32665.257
Лесной,32633.333
Благовещенск (Республика Башкортостан),32600.000
Саранск,32594.295
Дубовое,32500.000
Кукмор,32500.000
Новый Хушет,32500.000
Ольгинская (Ростовская область),32500.000
Перелюб,32500.000
Воронежская (Краснодарский край),32500.000
Черусти,32500.000
Локня (Псковская область),32500.000
Калниболотская,32500.000
Кубанский (Новопокровский район),32500.000
Пластуновская,32500.000
Нальчик,32474.359
Звенигово,32466.667
Еманжелинск,32447.368
Чистополь,32414.286
Рыбное,32391.667
Краснообск,32375.000
Ревда,32342.857
Сухобузимское,32333.333
Бахчисарай,32277.778
Ялуторовск,32267.857
Астрахань,32252.656
Азов,32249.844
Родники,32225.000
Лихославль,32225.000
Каменка (Пензенская область),32225.000
Камешково,32190.000
Заволжье,32161.111
Евпатория,32151.774
Нелидово,32133.333
Красный Сулин,32070.000
Махачкала,32059.502
Ессентуки,32012.500
Биробиджан,32000.000
Чаплыгин,31950.000
Болохово,31950.000
Чкаловск,31900.000
Выкса,31860.682
Кольцово,31833.333
Кызыл,31825.000
Кант,31824.465
Новопокровская,31750.000
Октябрьский (Республика Башкортостан),31688.636
Светлоград,31680.000
Риддер (ВКО),31638.233
Дзержинск (Нижегородская область),31615.435
Углич,31557.143
Вязники,31533.333
Балахна,31518.696
Юрюзань,31466.667
Каменоломни,31450.000
Юрьев-Польский,31445.455
Ирбит,31445.455
Петропавловск,31445.167
Навашино,31300.000
Чишмы,31250.000
Казахстан,31216.100
Заполярный,31200.000
Сызрань,31094.575
Актобе,31087.551
Татарск,31000.000
Скопин,31000.000
Раздольное (Новосибирская область),31000.000
Довольное,31000.000
Струнино,30975.000
Бирюч,30975.000
Усть-Каменогорск,30838.604
Красноуфимск,30819.929
Щучинск,30803.134
Наманган,30774.200
Стерлитамак,30764.844
Саров,30753.846
Бугульма,30737.037
Орск,30736.022
Полтава,30720.096
Владикавказ,30680.981
Кавказская,30666.667
Ковель,30617.070
Майкоп,30600.000
Елец,30560.000
Балаково,30541.865
Усолье,30500.000
Яйва,30500.000
Абан,30500.000
Липки,30466.667
Вейделевка,30416.667
Бежецк,30350.000
Мичуринск,30343.478
Миллерово,30290.000
Каменск-Шахтинский,30210.714
Новопавловск,30200.000
Златоуст,30178.947
Разумное,30083.333
Борисовка,30000.000
Кабаково (Башкортостан),30000.000
Глазуновка,30000.000
Невель,30000.000
Далматово,30000.000
Губская,30000.000
Волоконовка,30000.000
Троицкий,30000.000
Таврово,30000.000
Варгаши,30000.000
Кармаскалы,30000.000
Ракитное (Белгородская область),30000.000
Макушино,30000.000
Новосокольники,30000.000
Щучье,30000.000
Юргамыш,30000.000
Куртамыш,30000.000
Строитель,30000.000
Чагода,30000.000
Северный,30000.000
Дивногорск,30000.000
Палех,30000.000
Чернянка,30000.000
Каргаполье,30000.000
Стрелецкое,30000.000
Буревестник,30000.000
Красная Яруга,30000.000
Высоцкое (Ставропольский край),30000.000
Ливенка,30000.000
Алейск,30000.000
Скородное,30000.000
Ачит,30000.000
Томаровка,30000.000
Преображение,30000.000
Салаир,30000.000
Пролетарский,30000.000
Прямицыно,30000.000
Аскино,30000.000
Головчино,30000.000
Ибреси,30000.000
Ладожская,30000.000
Медвежьегорск,30000.000
Нагутское,30000.000
Владимиро-Александровское,30000.000
Сухая Буйвола,30000.000
Комсомольское (Чувашская Республика),30000.000
Колпна,30000.000
Саракташ,30000.000
Редкино,30000.000
Бессоновка,30000.000
Белозерское (Курганская область),30000.000
Крыловская станица (Крыловский район),30000.000
Гидроторф,30000.000
Моздок,30000.000
Арти,30000.000
Новоульяновск,29966.667
Нижняя Салда,29950.000
Экибастуз,29891.321
Медногорск,29825.000
Новый Оскол,29780.000
Старая Русса,29733.333
Шумерля,29650.000
Канаш,29600.000
Чайковский,29562.500
Ташара,29500.000
Мошково,29500.000
Черемхово,29500.000
Короча,29485.714
Великий Устюг,29475.000
Трубчевск,29466.667
Уварово,29450.000
Туринск,29450.000
Обоянь,29450.000
Кирсанов,29450.000
Новодвинск,29445.571
Караганда,29435.683
Фурманов,29414.286
Сатка,29380.000
Богучаны,29375.000
Ишимбай,29306.250
Верхний Уфалей,29300.000
Коченево,29277.778
Серов,29266.667
Мирный (Самарская область),29250.000
Новосемейкино,29250.000
Новоуральск,29229.412
Лаишево,29175.342
Муром,29136.078
Курганинск,29100.000
Козьмодемьянск,29035.500
Беслан,29000.000
Волжский (Самарская область),29000.000
Новокубанск,28966.667
Рассказово,28900.000
Сорочинск,28890.000
Зверево,28890.000
Северо-Западный округ,28733.999
Сарапул,28732.857
Сухиничи,28725.000
Урюпинск,28711.111
Жигулевск,28627.273
Украина,28541.660
Михайловка (Волгоградская область),28538.889
Петра Дубрава,28500.000
Починок,28500.000
Кинель-Черкассы,28477.667
Салават,28407.692
Верещагино,28382.571
Красный Яр (Самарская область),28357.143
Камское Устье,28333.333
Солнечнодольск,28333.333
Тульский (Адыгея),28333.333
Сафакулево,28333.333
Петушки,28300.000
Слободской,28300.000
Новоспасское (Ульяновская область),28250.000
Козельск,28225.000
Бузулук,28216.216
Ахтубинск,28150.000
Барабинск,28062.500
Тараз,28054.918
Юровка (Краснодарский край),28000.000
Адагум,28000.000
Верх-Тула,28000.000
Каргат,28000.000
Курчанская,28000.000
Болотное,28000.000
Здвинск,28000.000
Гостагаевская,28000.000
Сердобск,27980.000
Нижний Ломов,27966.667
Грайворон,27966.667
Чик,27937.500
Судогда,27890.000
Нововоронеж,27820.000
Чебаркуль,27800.000
Мостовской,27733.333
Акташ (Узбекистан),27716.953
Новомичуринск,27700.000
Изобильный,27690.000
Кордай,27576.450
Дубровка,27500.000
Целинное,27500.000
Жирятино,27500.000
Овстуг,27500.000
Кокино,27500.000
Ржаница,27500.000
Константиновский,27500.000
Ковернино,27500.000
Погар,27500.000
Гордеевка,27500.000
Прохладный,27500.000
Дальневосточный округ,27500.000
Белая Берёзка,27500.000
Выгоничи,27500.000
Кропачево (Челябинская область),27500.000
Ельцовка,27500.000
Локоть,27500.000
Клетня,27500.000
Навля,27500.000
Красная Пахра,27500.000
Красная Гора,27500.000
Рогнедино,27500.000
Глинищево,27500.000
Новый Ропск,27500.000
Свень,27500.000
Зудилово,27500.000
Клинцы,27360.143
Усть-Качка,27333.333
Ува,27333.333
Белебей,27322.222
Алексеевка (Самарская область),27285.714
Уральский округ,27165.380
Павлодар,27148.012
Касимов,27133.333
Киреевск,27133.333
Рудный,27114.925
Винзили,27093.750
Костанай,27063.032
Юбилейный (Краснодарский край),27000.000
Краснодарский край,27000.000
Северо-Центральный округ,27000.000
Гулькевичи,26987.500
Актау,26969.312
Дмитриев-Льговский,26950.000
Весьегонск,26950.000
Балтаси,26950.000
Тетюши,26950.000
Нурлат,26950.000
Богородицк,26890.000
Благодарный,26862.500
Колывань,26833.333
Калач-на-Дону,26780.000
Заводоуковск,26737.500
Новотроицк (Оренбургская область),26690.000
Нестеров,26666.667
Емельяново,26625.000
Черкассы,26611.661
Афонино,26525.000
Решетиха,26525.000
Неман,26500.000
Тутаев,26500.000
Борзя,26466.667
Арск,26300.000
Камышин,26290.000
Буинск,26280.000
Ватутинки,26250.000
Ясная Поляна (Ставропольский край),26250.000
Андижан,26142.958
Ипатово,26112.500
Шымкент,26060.018
Кохма,26057.143
Кромы,26000.000
Грамотеино,26000.000
Врангель,26000.000
Каневская,25950.231
Горячий Ключ,25868.300
Усмань,25780.000
Кумертау,25680.000
Туймазы,25557.143
Карасук,25500.000
Волжский(Волгоградская область),25417.562
Уральск,25392.689
Милютинская,25200.000
Термез,25103.800
Джизак,25103.800
Кокшетау,25048.749
Боготол,25000.000
Казанская (Ростовская область),25000.000
Куйбышево (Ростовская область),25000.000
Советская (Ростовская область),25000.000
Николаевка (Ростовская область),25000.000
Южный (Ростовская область),25000.000
Отрадное (Воронежская область),25000.000
Приморск,25000.000
Петропавловка (Воронежская область),25000.000
Багратионовск,25000.000
Краснозерское,25000.000
Краснознаменск (Калининградская область),25000.000
Восточно-Центральный округ,25000.000
Себеж,25000.000
Ладушкин,25000.000
Александровка (Ростовская область),25000.000
Чулым,25000.000
Ессентукская,25000.000
Песчаный (Ростовская область),25000.000
Горный (Ростовская область),25000.000
Баган,25000.000
Кугеси,25000.000
Детчино,25000.000
Славск,25000.000
Мамоново,25000.000
Воронежская область,25000.000
Майна (Ульяновская область),25000.000
Рязанская область,25000.000
Верхний Мамон,25000.000
Полесск,25000.000
Венгерово,25000.000
Рыбная Слобода,25000.000
Красная Поляна (Ростовская область),25000.000
"Новониколаевка (Ростовская область, Азовский район)",25000.000
Овощной (Ростовская область),25000.000
Новая Заимка,25000.000
Красноярская (Ростовская область),25000.000
Югорск,24980.000
Бирск,24966.667
Туркестан,24759.857
Котовск (Тамбовская область),24757.143
Унеча,24725.000
Омутинское,24666.667
Кандыагаш,24658.146
Кинешма,24650.000
Кедровый,24633.333
Обухов,24503.284
Кировская,24500.000
Армизонское,24500.000
Кагальницкая,24500.000
Стародеревянковская,24453.500
Талдом,24450.000
Западная Двина,24450.000
Ртищево,24450.000
Плавск,24450.000
Камызяк,24450.000
Михайловск (Свердловская область),24450.000
Павловская,24416.667
Шадринск,24375.000
Аксай (Казахстан),24294.041
Новосибирская область,24250.000
Степногорск,24249.762
Татищево (Саратовская область),24000.000
Гусиноозерск,24000.000
Назарово,24000.000
Малая Вишера,23983.333
Кульсары,23966.740
Нефтегорск (Самарская область),23966.667
Ленинградская область,23897.734
Актаныш,23896.000
Верхний Услон,23896.000
Аксубаево,23896.000
Айша,23896.000
Алексеевское,23896.000
Васильево,23896.000
Таджикистан,23879.948
Казачинское,23875.000
Карабаш,23800.000
Зубцов,23780.000
Шипуново,23750.000
Житомир,23744.650
Вуктыл,23666.667
Рамонь,23571.429
Оса (Иркутская область),23500.000
Исетское,23500.000
Уразово,23500.000
Минск,23489.550
Эртиль,23475.000
Энергодар,23474.100
Юго-Центральный округ,23333.333
Долгодеревенское,23333.333
Бобров,23300.000
Качканар,23200.000
Мглин,23200.000
Стародуб,23200.000
Краснослободск (Республика Мордовия),23200.000
Катав-Ивановск,23200.000
Усть-Катав,23200.000
Сим,23200.000
Сураж,23200.000
Злынка,23200.000
Борисполь,23188.414
Азнакаево,23182.667
Дорогино,23000.000
Листвянский,23000.000
Средняя Ахтуба,23000.000
Бровары,22924.325
Чапаевск,22914.286
Буденновск,22914.286
Беларусь,22831.161
Большое Козино,22683.333
Иссык,22623.100
Высокая Гора,22573.000
Отеген-Батыр,22520.225
Лежнево,22500.000
Колчаново,22500.000
Новая Ладога,22500.000
Очер,22500.000
Исилькуль,22483.333
Почеп,22447.619
Конаев,22409.220
Западно-Сибирский округ,22301.440
Лениногорск,22280.000
Купино,22166.667
Темиртау,22119.767
Пскент,22024.050
Венцы (Краснодарский край),22000.000
Новоукраинское,22000.000
Отрадо-Ольгинское,22000.000
Гирей,22000.000
Майкопское,22000.000
Гудермес,22000.000
Отрадо-Кубанское,22000.000
Кувандык,21950.000
Осташков,21950.000
Щигры,21950.000
Дятьково,21950.000
Комсомольск (Ивановская область),21950.000
Заозерный,21900.000
Черновцы,21878.643
Марганец,21726.519
Семей,21701.274
Другие регионы,21666.667
Средне-Приволжский округ,21562.500
Горный (Саратовская область),21500.000
Ставропольский край,21500.000
Ростовская область,21500.000
Мелеуз,21487.500
Вятские Поляны,21483.333
Николаев,21266.900
Металлострой,21257.500
Тверская область,21250.000
Полярные Зори,21250.000
Калачинск,21225.000
Первомайск (Украина),21064.014
Базарный Карабулак,21000.000
Мензелинск,20966.667
Джалал-Абад,20869.650
Чолпон-Ата,20869.650
Таш-Кумыр,20869.650
Кызыл-Кия,20869.650
Талас,20869.650
Сулюкта,20869.650
Кербен,20869.650
Кочкор-Ата,20869.650
Токтогул,20869.650
Майлуу-Суу,20869.650
Узген,20869.650
Кара-Куль,20869.650
Кара-Балта,20869.650
Нарын,20869.650
Балыкчы,20869.650
Кадамжай,20869.650
Баткен,20869.650
Каракол,20869.650
Кара-Суу,20869.650
Токмок,20869.650
Ноокат,20869.650
Исфана,20869.650
Дружба (Нижегородская область),20766.667
Советск (Кировская область),20700.000
Октябрьск,20450.000
Текели,20400.870
Похвистнево,20200.000
Покровское (Ростовская область),20166.667
Кызылорда,20119.440
Восточно-Сибирский округ,20074.910
Закаменск,20000.000
Столбище,20000.000
Туркменистан,20000.000
Дорогобуж,20000.000
Промышленная,20000.000
Красноярский край,20000.000
Кожевниково,20000.000
Духовщина,20000.000
Введенское,20000.000
Тербуны,20000.000
Отрадная,20000.000
Вологодская область,20000.000
Горняк,20000.000
Екатериновка (Саратовская область),20000.000
Тульская область,20000.000
Каховка,19963.942
Нижегородская область,19861.111
Балхаш,19832.278
Чудово,19816.667
Гомель,19776.168
Южный округ,19750.000
Преображенская,19750.000
Сергач,19725.000
Чернигов,19682.133
Бугуруслан,19633.333
Краснослободск (Волгоградская область),19633.333
Тамбовская область,19500.000
Змеиногорск,19474.357
Асино,19450.000
Суджа,19450.000
Шарья,19450.000
Васильков,19293.575
Аральск,19180.875
Владимирская область,19130.000
Луганск,19006.112
Магас,19000.000
Поляны,19000.000
Калининск,18966.667
Уржум,18950.000
Верхотурье,18900.000
Верхний Тагил,18900.000
Михайлов,18900.000
Верхняя Тура,18900.000
Тавда,18900.000
Козловка,18900.000
Таловая,18900.000
Талица,18900.000
Поворино,18900.000
Плес,18900.000
Тотьма,18900.000
Баймак,18900.000
Нея,18900.000
Верхнеуральск,18900.000
Покачи,18900.000
Трехгорный,18900.000
Нижние Серги,18900.000
Верхняя Хава,18900.000
Кириллов,18900.000
Кировград,18900.000
Городище (Пензенская область),18900.000
Городовиковск,18900.000
Тара,18900.000
Яранск,18900.000
Дивеево,18900.000
Дмитровск,18900.000
Нижняя Тура,18900.000
Окуловка,18900.000
Омутнинск,18900.000
Орлов,18900.000
Агидель,18900.000
Ясный,18900.000
Абдулино,18900.000
Чухлома,18900.000
Андреаполь,18900.000
Шиханы,18900.000
Чекалин,18900.000
Пыть-Ях,18900.000
Рамешки,18900.000
Реж,18900.000
Карпинск,18900.000
Касли,18900.000
Кашин,18900.000
Аткарск,18900.000
Бабаево,18900.000
Темников,18900.000
Нариманов,18900.000
Невьянск,18900.000
Валдай,18900.000
Приморско-Ахтарск,18900.000
Пролетарск,18900.000
Наволоки,18900.000
Называевск,18900.000
Кирс,18900.000
Пошехонье,18900.000
Бабушкин,18900.000
Куса,18900.000
Кушва,18900.000
Волчанск (Свердловская область),18900.000
Вольск,18900.000
Сенгилей,18900.000
Артемовский,18900.000
Перевоз,18900.000
Пересвет,18900.000
Новосиль,18900.000
Зуевка,18900.000
Анна,18900.000
Фролово,18900.000
Аркадак,18900.000
Устюжна,18900.000
Льгов,18900.000
Любим,18900.000
Макарьев,18900.000
Малмыж,18900.000
Малоархангельск,18900.000
Белинский,18900.000
Белозерск,18900.000
Луза,18900.000
Фатеж,18900.000
Хохольский,18900.000
Буй,18900.000
Дрезна,18900.000
Юрьевец,18900.000
Жирновск,18900.000
Жуковка (Брянская область),18900.000
Задонск,18900.000
Харовск,18900.000
Хвалынск,18900.000
Южа,18900.000
Курлово,18900.000
Пестово,18900.000
Петровск,18900.000
Хадыженск,18900.000
Новоузенск,18900.000
Новохоперск,18900.000
Нолинск,18900.000
Нязепетровск,18900.000
Лагань,18900.000
Красный Кут,18900.000
Красный Холм,18900.000
Кувшиново,18900.000
Цимлянск,18900.000
Николаевск,18900.000
Данилов,18900.000
Инсар,18900.000
Кадников,18900.000
Ивдель,18900.000
Мураши,18900.000
Мышкин,18900.000
Пугачев,18900.000
Пучеж,18900.000
Кологрив,18900.000
Красноуральск,18900.000
Константиновск,18900.000
Кораблино,18900.000
Меленки,18900.000
Рыльск,18900.000
Мантурово,18900.000
Мариинский Посад,18900.000
Межгорье (Республика Башкортостан),18900.000
Тюкалинск,18900.000
Калязин,18900.000
Камбарка,18900.000
Каменка (Воронежская область),18900.000
Колпашево,18900.000
Вытегра,18900.000
Гаврилов Посад,18900.000
Гаврилов-Ям,18900.000
Барыш,18900.000
Белая Холуница,18900.000
Красноармейск (Саратовская область),18900.000
Ветлуга,18900.000
Белый,18900.000
Костерево,18900.000
Котельниково,18900.000
Котельнич,18900.000
Болхов,18900.000
Солигалич,18900.000
Соль-Илецк,18900.000
Сосновка,18900.000
Спасск,18900.000
Ворсма,18900.000
Ливны,18900.000
Никольск (Вологодская область),18900.000
Никольск (Пензенская область),18900.000
Новая Ляля,18900.000
Инза,18900.000
Грязовец,18900.000
Красавино,18900.000
Талдыкорган,18889.644
Староминская,18750.000
Бакал,18700.000
Гродно,18668.640
Вичуга,18633.333
Светловодск,18597.248
Солигорск,18550.140
Межевой (Саткинский район),18500.000
Янаул,18450.000
Заславль,18446.048
Жезказган,18405.709
Шу,18342.825
Талгар,18163.700
Можга,18100.000
Сумы,18069.015
Атбасар,17726.325
Серафимович,17633.333
Донецк (Украина),17520.459
Черноморско-Кавказский округ,17500.000
Чувашская Республика,17500.000
Зональное,17500.000
Агрыз,17423.000
Косшы,17408.600
Кривой Рог,17404.326
Брест,17044.773
Тевриз,17044.750
Сарань,17007.500
Ивановская область,17000.000
Дубовка,16975.000
Ленинск,16950.000
Петров Вал,16950.000
Палласовка,16950.000
Котово,16950.000
Моршанск,16950.000
Горбатов,16950.000
Первомайск (Нижегородская область),16950.000
Суровикино,16950.000
Республика Татарстан,16777.778
Капчагай,16776.190
Никополь,16633.048
Бородино,16500.000
Апшеронск,16450.000
Нерехта,16450.000
Шахунья,16300.000
Пижма,16250.000
Обливская,16242.000
Ремонтное,16242.000
Светлогорск (Беларусь),16000.000
Баутино,15866.150
Пинск,15850.082
Хмельницкий,15849.900
Алапаевск,15813.333
Володарск,15737.500
Лукоянов,15633.333
Топки,15613.833
Кировоград,15502.095
Усть-Джегута,15000.000
Досчатое,15000.000
Игра,15000.000
Линево,15000.000
Алексеевская,15000.000
Центральный,15000.000
Юганец,15000.000
посёлок Память Парижской Коммуны,15000.000
Лог,15000.000
Афанасьево,15000.000
Карачаевск,15000.000
Тонкино,15000.000
Пригородный (Волгоградская область),15000.000
Дальнее Константиново,15000.000
Вад,15000.000
Вахтан,15000.000
Светлый Яр,15000.000
Вача,15000.000
Сухобезводное,15000.000
Сява,15000.000
Большие Чапурники,15000.000
Суроватиха,15000.000
Большое Болдино,15000.000
Аргун,15000.000
Писарёвка (Волгоградская область),15000.000
Теберда,15000.000
Кирпичный (Волгоградская область),15000.000
Кислово,15000.000
Клетская,15000.000
Большой Лычак,15000.000
Чернуха,15000.000
Сокольское,15000.000
Новониколаевский (Волгоградская область),15000.000
Тумботино,15000.000
Береславка,15000.000
Медведицкий,15000.000
Рудня (Волгоградская область),15000.000
Рябовский,15000.000
Старая Полтавка,15000.000
Краснооктябрьский (Волгоградская область),15000.000
Новосмолинский,15000.000
Новый Рогачик,15000.000
Арья,15000.000
Среднецарицынский,15000.000
Ветютнев,15000.000
Выездное,15000.000
Мулино,15000.000
Мухтолово,15000.000
Ольховка,15000.000
Красный Яр,15000.000
Сосновское,15000.000
Спасское,15000.000
Малодельская,15000.000
Шиморское,15000.000
Александровка,15000.000
Антиповка,15000.000
Быково,15000.000
Октябрьский (Волгоградская область),15000.000
Шаранга,15000.000
Шатки,15000.000
Себрово,15000.000
Тоншаево,15000.000
Артемовск (Красноярский край),14915.048
Ужгород,14806.878
Луцк,14611.312
Ершов,14450.000
Новоаннинский,14450.000
Узбекистан,14434.110
Кыргызстан,14434.110
Ахангаран,14382.700
Одесская область,14307.280
Курская область,14000.000
Славянск,13908.830
Смоленская область,13680.000
Ярославская область,13666.667
Рефтинский,13500.000
Стрый,12652.170
Абхазия,12524.000
Приволжье (Самарская область),12500.000
Калининградская область,12250.000
Катар,12174.600
Линда,12125.000
Александрия (Кировоградская область),11874.150
Белая Церковь,11630.700
Уяр,11500.000
Волгоградская область,11500.000
Целина,11371.000
Макеевка,10039.025
Спасск-Рязанский,10000.000
Таежный,10000.000
Жодино,9974.220
Смолевичи,9974.220
Ангрен,9654.429
Большие Уки,9500.000
Кантаурово,9250.000
Большое Пикино,9250.000
Неклюдово,9250.000
Останкино,9250.000
Береза,9111.810
Серебрянск,9109.200
"Солнечный (ПГТ, Павлодарская обл)",9109.200
Бурабай,9109.200
Жанаозен,9109.200
Акколь,9109.200
Сарыагаш,9109.200
Аркалык,9109.200
Тайынша,9109.200
Алтай (Зыряновск),9109.200
Хромтау,9109.200
Переяслав-Хмельницкий,8414.995
Коростень,8138.735
Копьево,7450.000
Вершиина Тёи,7450.000
Партизанское,7450.000
Новомосковск (Днепропетровская область),7240.100
Новая Каховка,7236.880
Измаил,7064.970
Шалинское,7000.000
Яя,7000.000
Яшкино,7000.000
Тасеево,7000.000
Лесогорск,7000.000
Тайга,7000.000
Мариинск,7000.000
Каратузское,6500.000
Агинское,6000.000
Могилев,5968.092
Борисов,5034.466
Орша,5001.236
Новобирилюссы,5000.000
Ирбейское,5000.000
Тюхтет,5000.000
Большая Мурта,5000.000
Большая Ирба,5000.000
Мисайлово,5000.000
Козулька,5000.000
Курагино,5000.000
Бобруйск,4369.598
Дзержинск (Беларусь),4001.736
Новополоцк,1489.071
Воложин,1300.000
Барановичи,815.695
Япония,55.000
Дятлово,3.514
Лида,2.594
Фаниполь,2.479
Речица,2.059
Полоцк,1.729
Жлобин,1.435
Молодечно,1.169
Верхнедвинск,1.104
Слуцк,1.093
